<?xml version="1.0"?>
<Runs Version="1" Minor="0">
	<Run Id="ROM_D_another_synth_1" LaunchDir="D:/Gua/Exp4/Exp4/Exp4.runs/ROM_D_another_synth_1" FlowId="Vivado_Synthesis" FromStepId="vivado" ToStepId="vivado"/>
	<Run Id="synth_1" LaunchDir="D:/Gua/Exp4/Exp4/Exp4.runs/synth_1" FlowId="Vivado_Synthesis" FromStepId="vivado" ToStepId="vivado">
		<Parent Id="ROM_D_another_synth_1"/>
	</Run>
	<Run Id="impl_1" LaunchDir="D:/Gua/Exp4/Exp4/Exp4.runs/impl_1" FlowId="Vivado_Implementation" FromStepId="init_design" ToStepId="write_bitstream">
		<Parent Id="synth_1"/>
		<Parent Id="ROM_D_another_synth_1"/>
	</Run>
	<Parameters>
		<Parameter Name="runs.monitorLSFJobs" Val="true" Type="bool"/>
		<Parameter Name="runs.enableClusterConf" Val="true" Type="bool"/>
	</Parameters>
</Runs>

