<?xml version="1.0" encoding="UTF-8"?>
<GenRun Id="ROM_D_synth_1" LaunchPart="xc7k325tffg676-2L" LaunchTime="1668508463">
  <File Type="PA-TCL" Name="ROM_D.tcl"/>
  <File Type="RDS-PROPCONSTRS" Name="ROM_D_drc_synth.rpt"/>
  <File Type="REPORTS-TCL" Name="ROM_D_reports.tcl"/>
  <File Type="RDS-RDS" Name="ROM_D.vds"/>
  <File Type="RDS-UTIL" Name="ROM_D_utilization_synth.rpt"/>
  <File Type="RDS-UTIL-PB" Name="ROM_D_utilization_synth.pb"/>
  <File Type="RDS-DCP" Name="ROM_D.dcp"/>
  <File Type="VDS-TIMINGSUMMARY" Name="ROM_D_timing_summary_synth.rpt"/>
  <File Type="VDS-TIMING-PB" Name="ROM_D_timing_summary_synth.pb"/>
  <FileSet Name="sources" Type="BlockSrcs" RelSrcDir="$PSRCDIR/ROM_D">
    <File Path="$PSRCDIR/sources_1/ip/ROM_D/ROM_D.xci">
      <FileInfo>
        <Attr Name="UsedIn" Val="synthesis"/>
        <Attr Name="UsedIn" Val="implementation"/>
        <Attr Name="UsedIn" Val="simulation"/>
      </FileInfo>
    </File>
    <Config>
      <Option Name="TopModule" Val="ROM_D"/>
      <Option Name="UseBlackboxStub" Val="1"/>
    </Config>
  </FileSet>
  <FileSet Name="constrs_in" Type="BlockSrcs" RelSrcDir="$PSRCDIR/ROM_D">
    <File Path="$PSRCDIR/sources_1/ip/ROM_D/ROM_D.xci">
      <FileInfo>
        <Attr Name="UsedIn" Val="synthesis"/>
        <Attr Name="UsedIn" Val="implementation"/>
        <Attr Name="UsedIn" Val="simulation"/>
      </FileInfo>
    </File>
    <Config>
      <Option Name="TopModule" Val="ROM_D"/>
      <Option Name="UseBlackboxStub" Val="1"/>
    </Config>
  </FileSet>
  <FileSet Name="utils" Type="Utils" RelSrcDir="$PSRCDIR/utils_1">
    <Filter Type="Utils"/>
    <Config>
      <Option Name="TopAutoSet" Val="TRUE"/>
    </Config>
  </FileSet>
  <Strategy Version="1" Minor="2">
    <StratHandle Name="Vivado Synthesis Defaults" Flow="Vivado Synthesis 2020">
      <Desc>Vivado Synthesis Defaults</Desc>
    </StratHandle>
    <Step Id="synth_design"/>
  </Strategy>
</GenRun>
